"name","setting","unit","category","short_desc","extra_desc","context","vartype","source","min_val","max_val","enumvals","boot_val","reset_val","sourcefile","sourceline","pending_restart"
"allow_system_table_mods","off",NULL,"Developer Options","Allows modifications of the structure of system tables.",NULL,"superuser","bool","default",NULL,NULL,NULL,"off","off",NULL,NULL,False
"application_name","pgAdmin 4 - CONN:8478151",NULL,"Reporting and Logging / What to Log","Sets the application name to be reported in statistics and logs.",NULL,"user","string","client",NULL,NULL,NULL,"","pgAdmin 4 - CONN:8478151",NULL,NULL,False
"archive_cleanup_command","",NULL,"Write-Ahead Log / Archive Recovery","Sets the shell command that will be executed at every restart point.",NULL,"sighup","string","default",NULL,NULL,NULL,"","",NULL,NULL,False
"archive_command","(disabled)",NULL,"Write-Ahead Log / Archiving","Sets the shell command that will be called to archive a WAL file.",NULL,"sighup","string","default",NULL,NULL,NULL,"","",NULL,NULL,False
"archive_mode","off",NULL,"Write-Ahead Log / Archiving","Allows archiving of WAL files using archive_command.",NULL,"postmaster","enum","default",NULL,NULL,"{always,on,off}","off","off",NULL,NULL,False
"archive_timeout","0","s","Write-Ahead Log / Archiving","Forces a switch to the next WAL file if a new file has not been started within N seconds.",NULL,"sighup","integer","default","0","1073741823",NULL,"0","0",NULL,NULL,False
"array_nulls","on",NULL,"Version and Platform Compatibility / Previous PostgreSQL Versions","Enable input of NULL elements in arrays.","When turned on, unquoted NULL in an array input value means a null value; otherwise it is taken literally.","user","bool","default",NULL,NULL,NULL,"on","on",NULL,NULL,False
"authentication_timeout","60","s","Connections and Authentication / Authentication","Sets the maximum allowed time to complete client authentication.",NULL,"sighup","integer","default","1","600",NULL,"60","60",NULL,NULL,False
"autovacuum","on",NULL,"Autovacuum","Starts the autovacuum subprocess.",NULL,"sighup","bool","default",NULL,NULL,NULL,"on","on",NULL,NULL,False
"autovacuum_analyze_scale_factor","0.1",NULL,"Autovacuum","Number of tuple inserts, updates, or deletes prior to analyze as a fraction of reltuples.",NULL,"sighup","real","default","0","100",NULL,"0.1","0.1",NULL,NULL,False
"autovacuum_analyze_threshold","50",NULL,"Autovacuum","Minimum number of tuple inserts, updates, or deletes prior to analyze.",NULL,"sighup","integer","default","0","2147483647",NULL,"50","50",NULL,NULL,False
"autovacuum_freeze_max_age","200000000",NULL,"Autovacuum","Age at which to autovacuum a table to prevent transaction ID wraparound.",NULL,"postmaster","integer","default","100000","2000000000",NULL,"200000000","200000000",NULL,NULL,False
"autovacuum_max_workers","3",NULL,"Autovacuum","Sets the maximum number of simultaneously running autovacuum worker processes.",NULL,"postmaster","integer","default","1","262143",NULL,"3","3",NULL,NULL,False
"autovacuum_multixact_freeze_max_age","400000000",NULL,"Autovacuum","Multixact age at which to autovacuum a table to prevent multixact wraparound.",NULL,"postmaster","integer","default","10000","2000000000",NULL,"400000000","400000000",NULL,NULL,False
"autovacuum_naptime","60","s","Autovacuum","Time to sleep between autovacuum runs.",NULL,"sighup","integer","default","1","2147483",NULL,"60","60",NULL,NULL,False
"autovacuum_vacuum_cost_delay","2","ms","Autovacuum","Vacuum cost delay in milliseconds, for autovacuum.",NULL,"sighup","real","default","-1","100",NULL,"2","2",NULL,NULL,False
"autovacuum_vacuum_cost_limit","-1",NULL,"Autovacuum","Vacuum cost amount available before napping, for autovacuum.",NULL,"sighup","integer","default","-1","10000",NULL,"-1","-1",NULL,NULL,False
"autovacuum_vacuum_insert_scale_factor","0.2",NULL,"Autovacuum","Number of tuple inserts prior to vacuum as a fraction of reltuples.",NULL,"sighup","real","default","0","100",NULL,"0.2","0.2",NULL,NULL,False
"autovacuum_vacuum_insert_threshold","1000",NULL,"Autovacuum","Minimum number of tuple inserts prior to vacuum, or -1 to disable insert vacuums.",NULL,"sighup","integer","default","-1","2147483647",NULL,"1000","1000",NULL,NULL,False
"autovacuum_vacuum_scale_factor","0.2",NULL,"Autovacuum","Number of tuple updates or deletes prior to vacuum as a fraction of reltuples.",NULL,"sighup","real","default","0","100",NULL,"0.2","0.2",NULL,NULL,False
"autovacuum_vacuum_threshold","50",NULL,"Autovacuum","Minimum number of tuple updates or deletes prior to vacuum.",NULL,"sighup","integer","default","0","2147483647",NULL,"50","50",NULL,NULL,False
"autovacuum_work_mem","-1","kB","Resource Usage / Memory","Sets the maximum memory to be used by each autovacuum worker process.",NULL,"sighup","integer","default","-1","2147483647",NULL,"-1","-1",NULL,NULL,False
"backend_flush_after","0","8kB","Resource Usage / Asynchronous Behavior","Number of pages after which previously performed writes are flushed to disk.",NULL,"user","integer","default","0","256",NULL,"0","0",NULL,NULL,False
"backslash_quote","safe_encoding",NULL,"Version and Platform Compatibility / Previous PostgreSQL Versions","Sets whether ""\'"" is allowed in string literals.",NULL,"user","enum","default",NULL,NULL,"{safe_encoding,on,off}","safe_encoding","safe_encoding",NULL,NULL,False
"backtrace_functions","",NULL,"Developer Options","Log backtrace for errors in these functions.",NULL,"superuser","string","default",NULL,NULL,NULL,"","",NULL,NULL,False
"bgwriter_delay","200","ms","Resource Usage / Background Writer","Background writer sleep time between rounds.",NULL,"sighup","integer","default","10","10000",NULL,"200","200",NULL,NULL,False
"bgwriter_flush_after","64","8kB","Resource Usage / Background Writer","Number of pages after which previously performed writes are flushed to disk.",NULL,"sighup","integer","default","0","256",NULL,"64","64",NULL,NULL,False
"bgwriter_lru_maxpages","100",NULL,"Resource Usage / Background Writer","Background writer maximum number of LRU pages to flush per round.",NULL,"sighup","integer","default","0","1073741823",NULL,"100","100",NULL,NULL,False
"bgwriter_lru_multiplier","2",NULL,"Resource Usage / Background Writer","Multiple of the average buffer usage to free per round.",NULL,"sighup","real","default","0","10",NULL,"2","2",NULL,NULL,False
"block_size","8192",NULL,"Preset Options","Shows the size of a disk block.",NULL,"internal","integer","default","8192","8192",NULL,"8192","8192",NULL,NULL,False
"bonjour","off",NULL,"Connections and Authentication / Connection Settings","Enables advertising the server via Bonjour.",NULL,"postmaster","bool","default",NULL,NULL,NULL,"off","off",NULL,NULL,False
"bonjour_name","",NULL,"Connections and Authentication / Connection Settings","Sets the Bonjour service name.",NULL,"postmaster","string","default",NULL,NULL,NULL,"","",NULL,NULL,False
"bytea_output","hex",NULL,"Client Connection Defaults / Statement Behavior","Sets the output format for bytea.",NULL,"user","enum","session",NULL,NULL,"{escape,hex}","hex","hex",NULL,NULL,False
"check_function_bodies","on",NULL,"Client Connection Defaults / Statement Behavior","Check function bodies during CREATE FUNCTION.",NULL,"user","bool","default",NULL,NULL,NULL,"on","on",NULL,NULL,False
"checkpoint_completion_target","0.5",NULL,"Write-Ahead Log / Checkpoints","Time spent flushing dirty buffers during checkpoint, as fraction of checkpoint interval.",NULL,"sighup","real","default","0","1",NULL,"0.5","0.5",NULL,NULL,False
"checkpoint_flush_after","32","8kB","Write-Ahead Log / Checkpoints","Number of pages after which previously performed writes are flushed to disk.",NULL,"sighup","integer","default","0","256",NULL,"32","32",NULL,NULL,False
"checkpoint_timeout","300","s","Write-Ahead Log / Checkpoints","Sets the maximum time between automatic WAL checkpoints.",NULL,"sighup","integer","default","30","86400",NULL,"300","300",NULL,NULL,False
"checkpoint_warning","30","s","Write-Ahead Log / Checkpoints","Enables warnings if checkpoint segments are filled more frequently than this.","Write a message to the server log if checkpoints caused by the filling of checkpoint segment files happens more frequently than this number of seconds. Zero turns off the warning.","sighup","integer","default","0","2147483647",NULL,"30","30",NULL,NULL,False
"client_encoding","UNICODE",NULL,"Client Connection Defaults / Locale and Formatting","Sets the client's character set encoding.",NULL,"user","string","session",NULL,NULL,NULL,"SQL_ASCII","UTF8",NULL,NULL,False
"client_min_messages","notice",NULL,"Client Connection Defaults / Statement Behavior","Sets the message levels that are sent to the client.","Each level includes all the levels that follow it. The later the level, the fewer messages are sent.","user","enum","session",NULL,NULL,"{debug5,debug4,debug3,debug2,debug1,log,notice,warning,error}","notice","notice",NULL,NULL,False
"cluster_name","",NULL,"Process Title","Sets the name of the cluster, which is included in the process title.",NULL,"postmaster","string","default",NULL,NULL,NULL,"","",NULL,NULL,False
"commit_delay","0",NULL,"Write-Ahead Log / Settings","Sets the delay in microseconds between transaction commit and flushing WAL to disk.",NULL,"superuser","integer","default","0","100000",NULL,"0","0",NULL,NULL,False
"commit_siblings","5",NULL,"Write-Ahead Log / Settings","Sets the minimum concurrent open transactions before performing commit_delay.",NULL,"user","integer","default","0","1000",NULL,"5","5",NULL,NULL,False
"config_file","/var/lib/postgresql/data/postgresql.conf",NULL,"File Locations","Sets the server's main configuration file.",NULL,"postmaster","string","override",NULL,NULL,NULL,NULL,"/var/lib/postgresql/data/postgresql.conf",NULL,NULL,False
"constraint_exclusion","partition",NULL,"Query Tuning / Other Planner Options","Enables the planner to use constraints to optimize queries.","Table scans will be skipped if their constraints guarantee that no rows match the query.","user","enum","default",NULL,NULL,"{partition,on,off}","partition","partition",NULL,NULL,False
"cpu_index_tuple_cost","0.005",NULL,"Query Tuning / Planner Cost Constants","Sets the planner's estimate of the cost of processing each index entry during an index scan.",NULL,"user","real","default","0","1.79769e+308",NULL,"0.005","0.005",NULL,NULL,False
"cpu_operator_cost","0.0025",NULL,"Query Tuning / Planner Cost Constants","Sets the planner's estimate of the cost of processing each operator or function call.",NULL,"user","real","default","0","1.79769e+308",NULL,"0.0025","0.0025",NULL,NULL,False
"cpu_tuple_cost","0.01",NULL,"Query Tuning / Planner Cost Constants","Sets the planner's estimate of the cost of processing each tuple (row).",NULL,"user","real","default","0","1.79769e+308",NULL,"0.01","0.01",NULL,NULL,False
"cursor_tuple_fraction","0.1",NULL,"Query Tuning / Other Planner Options","Sets the planner's estimate of the fraction of a cursor's rows that will be retrieved.",NULL,"user","real","default","0","1",NULL,"0.1","0.1",NULL,NULL,False
"data_checksums","off",NULL,"Preset Options","Shows whether data checksums are turned on for this cluster.",NULL,"internal","bool","override",NULL,NULL,NULL,"off","off",NULL,NULL,False
"data_directory","/var/lib/postgresql/data",NULL,"File Locations","Sets the server's data directory.",NULL,"postmaster","string","override",NULL,NULL,NULL,NULL,"/var/lib/postgresql/data",NULL,NULL,False
"data_directory_mode","0700",NULL,"Preset Options","Mode of the data directory.","The parameter value is a numeric mode specification in the form accepted by the chmod and umask system calls. (To use the customary octal format the number must start with a 0 (zero).)","internal","integer","default","0","511",NULL,"448","448",NULL,NULL,False
"data_sync_retry","off",NULL,"Error Handling","Whether to continue running after a failure to sync data files.",NULL,"postmaster","bool","default",NULL,NULL,NULL,"off","off",NULL,NULL,False
"DateStyle","ISO, MDY",NULL,"Client Connection Defaults / Locale and Formatting","Sets the display format for date and time values.","Also controls interpretation of ambiguous date inputs.","user","string","session",NULL,NULL,NULL,"ISO, MDY","ISO, MDY",NULL,NULL,False
"db_user_namespace","off",NULL,"Connections and Authentication / Authentication","Enables per-database user names.",NULL,"sighup","bool","default",NULL,NULL,NULL,"off","off",NULL,NULL,False
"deadlock_timeout","1000","ms","Lock Management","Sets the time to wait on a lock before checking for deadlock.",NULL,"superuser","integer","default","1","2147483647",NULL,"1000","1000",NULL,NULL,False
"debug_assertions","off",NULL,"Preset Options","Shows whether the running server has assertion checks enabled.",NULL,"internal","bool","default",NULL,NULL,NULL,"off","off",NULL,NULL,False
"debug_pretty_print","on",NULL,"Reporting and Logging / What to Log","Indents parse and plan tree displays.",NULL,"user","bool","default",NULL,NULL,NULL,"on","on",NULL,NULL,False
"debug_print_parse","off",NULL,"Reporting and Logging / What to Log","Logs each query's parse tree.",NULL,"user","bool","default",NULL,NULL,NULL,"off","off",NULL,NULL,False
"debug_print_plan","off",NULL,"Reporting and Logging / What to Log","Logs each query's execution plan.",NULL,"user","bool","default",NULL,NULL,NULL,"off","off",NULL,NULL,False
"debug_print_rewritten","off",NULL,"Reporting and Logging / What to Log","Logs each query's rewritten parse tree.",NULL,"user","bool","default",NULL,NULL,NULL,"off","off",NULL,NULL,False
"default_statistics_target","100",NULL,"Query Tuning / Other Planner Options","Sets the default statistics target.","This applies to table columns that have not had a column-specific target set via ALTER TABLE SET STATISTICS.","user","integer","default","1","10000",NULL,"100","100",NULL,NULL,False
"default_table_access_method","heap",NULL,"Client Connection Defaults / Statement Behavior","Sets the default table access method for new tables.",NULL,"user","string","default",NULL,NULL,NULL,"heap","heap",NULL,NULL,False
"default_tablespace","",NULL,"Client Connection Defaults / Statement Behavior","Sets the default tablespace to create tables and indexes in.","An empty string selects the database's default tablespace.","user","string","default",NULL,NULL,NULL,"","",NULL,NULL,False
"default_text_search_config","pg_catalog.english",NULL,"Client Connection Defaults / Locale and Formatting","Sets default text search configuration.",NULL,"user","string","configuration file",NULL,NULL,NULL,"pg_catalog.simple","pg_catalog.english","/var/lib/postgresql/data/postgresql.conf",701,False
"default_transaction_deferrable","off",NULL,"Client Connection Defaults / Statement Behavior","Sets the default deferrable status of new transactions.",NULL,"user","bool","default",NULL,NULL,NULL,"off","off",NULL,NULL,False
"default_transaction_isolation","read committed",NULL,"Client Connection Defaults / Statement Behavior","Sets the transaction isolation level of each new transaction.",NULL,"user","enum","default",NULL,NULL,"{serializable,""repeatable read"",""read committed"",""read uncommitted""}","read committed","read committed",NULL,NULL,False
"default_transaction_read_only","off",NULL,"Client Connection Defaults / Statement Behavior","Sets the default read-only status of new transactions.",NULL,"user","bool","default",NULL,NULL,NULL,"off","off",NULL,NULL,False
"dynamic_library_path","$libdir",NULL,"Client Connection Defaults / Other Defaults","Sets the path for dynamically loadable modules.","If a dynamically loadable module needs to be opened and the specified name does not have a directory component (i.e., the name does not contain a slash), the system will search this path for the specified file.","superuser","string","default",NULL,NULL,NULL,"$libdir","$libdir",NULL,NULL,False
"dynamic_shared_memory_type","posix",NULL,"Resource Usage / Memory","Selects the dynamic shared memory implementation used.",NULL,"postmaster","enum","configuration file",NULL,NULL,"{posix,sysv,mmap}","posix","posix","/var/lib/postgresql/data/postgresql.conf",142,False
"effective_cache_size","524288","8kB","Query Tuning / Planner Cost Constants","Sets the planner's assumption about the total size of the data caches.","That is, the total size of the caches (kernel cache and shared buffers) used for PostgreSQL data files. This is measured in disk pages, which are normally 8 kB each.","user","integer","default","1","2147483647",NULL,"524288","524288",NULL,NULL,False
"effective_io_concurrency","1",NULL,"Resource Usage / Asynchronous Behavior","Number of simultaneous requests that can be handled efficiently by the disk subsystem.","For RAID arrays, this should be approximately the number of drive spindles in the array.","user","integer","default","0","1000",NULL,"1","1",NULL,NULL,False
"enable_bitmapscan","on",NULL,"Query Tuning / Planner Method Configuration","Enables the planner's use of bitmap-scan plans.",NULL,"user","bool","default",NULL,NULL,NULL,"on","on",NULL,NULL,False
"enable_gathermerge","on",NULL,"Query Tuning / Planner Method Configuration","Enables the planner's use of gather merge plans.",NULL,"user","bool","default",NULL,NULL,NULL,"on","on",NULL,NULL,False
"enable_hashagg","on",NULL,"Query Tuning / Planner Method Configuration","Enables the planner's use of hashed aggregation plans.",NULL,"user","bool","default",NULL,NULL,NULL,"on","on",NULL,NULL,False
"enable_hashjoin","on",NULL,"Query Tuning / Planner Method Configuration","Enables the planner's use of hash join plans.",NULL,"user","bool","default",NULL,NULL,NULL,"on","on",NULL,NULL,False
"enable_incremental_sort","on",NULL,"Query Tuning / Planner Method Configuration","Enables the planner's use of incremental sort steps.",NULL,"user","bool","default",NULL,NULL,NULL,"on","on",NULL,NULL,False
"enable_indexonlyscan","on",NULL,"Query Tuning / Planner Method Configuration","Enables the planner's use of index-only-scan plans.",NULL,"user","bool","default",NULL,NULL,NULL,"on","on",NULL,NULL,False
"enable_indexscan","on",NULL,"Query Tuning / Planner Method Configuration","Enables the planner's use of index-scan plans.",NULL,"user","bool","default",NULL,NULL,NULL,"on","on",NULL,NULL,False
"enable_material","on",NULL,"Query Tuning / Planner Method Configuration","Enables the planner's use of materialization.",NULL,"user","bool","default",NULL,NULL,NULL,"on","on",NULL,NULL,False
"enable_mergejoin","on",NULL,"Query Tuning / Planner Method Configuration","Enables the planner's use of merge join plans.",NULL,"user","bool","default",NULL,NULL,NULL,"on","on",NULL,NULL,False
"enable_nestloop","on",NULL,"Query Tuning / Planner Method Configuration","Enables the planner's use of nested-loop join plans.",NULL,"user","bool","default",NULL,NULL,NULL,"on","on",NULL,NULL,False
"enable_parallel_append","on",NULL,"Query Tuning / Planner Method Configuration","Enables the planner's use of parallel append plans.",NULL,"user","bool","default",NULL,NULL,NULL,"on","on",NULL,NULL,False
"enable_parallel_hash","on",NULL,"Query Tuning / Planner Method Configuration","Enables the planner's use of parallel hash plans.",NULL,"user","bool","default",NULL,NULL,NULL,"on","on",NULL,NULL,False
"enable_partition_pruning","on",NULL,"Query Tuning / Planner Method Configuration","Enables plan-time and run-time partition pruning.","Allows the query planner and executor to compare partition bounds to conditions in the query to determine which partitions must be scanned.","user","bool","default",NULL,NULL,NULL,"on","on",NULL,NULL,False
"enable_partitionwise_aggregate","off",NULL,"Query Tuning / Planner Method Configuration","Enables partitionwise aggregation and grouping.",NULL,"user","bool","default",NULL,NULL,NULL,"off","off",NULL,NULL,False
"enable_partitionwise_join","off",NULL,"Query Tuning / Planner Method Configuration","Enables partitionwise join.",NULL,"user","bool","default",NULL,NULL,NULL,"off","off",NULL,NULL,False
"enable_seqscan","on",NULL,"Query Tuning / Planner Method Configuration","Enables the planner's use of sequential-scan plans.",NULL,"user","bool","default",NULL,NULL,NULL,"on","on",NULL,NULL,False
"enable_sort","on",NULL,"Query Tuning / Planner Method Configuration","Enables the planner's use of explicit sort steps.",NULL,"user","bool","default",NULL,NULL,NULL,"on","on",NULL,NULL,False
"enable_tidscan","on",NULL,"Query Tuning / Planner Method Configuration","Enables the planner's use of TID scan plans.",NULL,"user","bool","default",NULL,NULL,NULL,"on","on",NULL,NULL,False
"escape_string_warning","on",NULL,"Version and Platform Compatibility / Previous PostgreSQL Versions","Warn about backslash escapes in ordinary string literals.",NULL,"user","bool","default",NULL,NULL,NULL,"on","on",NULL,NULL,False
"event_source","PostgreSQL",NULL,"Reporting and Logging / Where to Log","Sets the application name used to identify PostgreSQL messages in the event log.",NULL,"postmaster","string","default",NULL,NULL,NULL,"PostgreSQL","PostgreSQL",NULL,NULL,False
"exit_on_error","off",NULL,"Error Handling","Terminate session on any error.",NULL,"user","bool","default",NULL,NULL,NULL,"off","off",NULL,NULL,False
"extension_destdir","",NULL,"File Locations","Path to prepend for extension loading","This directory is prepended to paths when loading extensions (control and SQL files), and to the '$libdir' directive when loading modules that back functions. The location is made configurable to allow build-time testing of extensions that do not have been installed to their proper location yet.","superuser","string","default",NULL,NULL,NULL,"","",NULL,NULL,False
"external_pid_file","",NULL,"File Locations","Writes the postmaster PID to the specified file.",NULL,"postmaster","string","default",NULL,NULL,NULL,NULL,NULL,NULL,NULL,False
"extra_float_digits","1",NULL,"Client Connection Defaults / Locale and Formatting","Sets the number of digits displayed for floating-point values.","This affects real, double precision, and geometric data types. A zero or negative parameter value is added to the standard number of digits (FLT_DIG or DBL_DIG as appropriate). Any value greater than zero selects precise output mode.","user","integer","default","-15","3",NULL,"1","1",NULL,NULL,False
"force_parallel_mode","off",NULL,"Query Tuning / Other Planner Options","Forces use of parallel query facilities.","If possible, run query using a parallel worker and with parallel restrictions.","user","enum","default",NULL,NULL,"{off,on,regress}","off","off",NULL,NULL,False
"from_collapse_limit","8",NULL,"Query Tuning / Other Planner Options","Sets the FROM-list size beyond which subqueries are not collapsed.","The planner will merge subqueries into upper queries if the resulting FROM list would have no more than this many items.","user","integer","default","1","2147483647",NULL,"8","8",NULL,NULL,False
"fsync","on",NULL,"Write-Ahead Log / Settings","Forces synchronization of updates to disk.","The server will use the fsync() system call in several places to make sure that updates are physically written to disk. This insures that a database cluster will recover to a consistent state after an operating system or hardware crash.","sighup","bool","default",NULL,NULL,NULL,"on","on",NULL,NULL,False
"full_page_writes","on",NULL,"Write-Ahead Log / Settings","Writes full pages to WAL when first modified after a checkpoint.","A page write in process during an operating system crash might be only partially written to disk.  During recovery, the row changes stored in WAL are not enough to recover.  This option writes pages when first modified after a checkpoint to WAL so full recovery is possible.","sighup","bool","default",NULL,NULL,NULL,"on","on",NULL,NULL,False
"geqo","on",NULL,"Query Tuning / Genetic Query Optimizer","Enables genetic query optimization.","This algorithm attempts to do planning without exhaustive searching.","user","bool","default",NULL,NULL,NULL,"on","on",NULL,NULL,False
"geqo_effort","5",NULL,"Query Tuning / Genetic Query Optimizer","GEQO: effort is used to set the default for other GEQO parameters.",NULL,"user","integer","default","1","10",NULL,"5","5",NULL,NULL,False
"geqo_generations","0",NULL,"Query Tuning / Genetic Query Optimizer","GEQO: number of iterations of the algorithm.","Zero selects a suitable default value.","user","integer","default","0","2147483647",NULL,"0","0",NULL,NULL,False
"geqo_pool_size","0",NULL,"Query Tuning / Genetic Query Optimizer","GEQO: number of individuals in the population.","Zero selects a suitable default value.","user","integer","default","0","2147483647",NULL,"0","0",NULL,NULL,False
"geqo_seed","0",NULL,"Query Tuning / Genetic Query Optimizer","GEQO: seed for random path selection.",NULL,"user","real","default","0","1",NULL,"0","0",NULL,NULL,False
"geqo_selection_bias","2",NULL,"Query Tuning / Genetic Query Optimizer","GEQO: selective pressure within the population.",NULL,"user","real","default","1.5","2",NULL,"2","2",NULL,NULL,False
"geqo_threshold","12",NULL,"Query Tuning / Genetic Query Optimizer","Sets the threshold of FROM items beyond which GEQO is used.",NULL,"user","integer","default","2","2147483647",NULL,"12","12",NULL,NULL,False
"gin_fuzzy_search_limit","0",NULL,"Client Connection Defaults / Other Defaults","Sets the maximum allowed result for exact search by GIN.",NULL,"user","integer","default","0","2147483647",NULL,"0","0",NULL,NULL,False
"gin_pending_list_limit","4096","kB","Client Connection Defaults / Statement Behavior","Sets the maximum size of the pending list for GIN index.",NULL,"user","integer","default","64","2147483647",NULL,"4096","4096",NULL,NULL,False
"hash_mem_multiplier","1",NULL,"Resource Usage / Memory","Multiple of work_mem to use for hash tables.",NULL,"user","real","default","1","1000",NULL,"1","1",NULL,NULL,False
"hba_file","/var/lib/postgresql/data/pg_hba.conf",NULL,"File Locations","Sets the server's ""hba"" configuration file.",NULL,"postmaster","string","override",NULL,NULL,NULL,NULL,"/var/lib/postgresql/data/pg_hba.conf",NULL,NULL,False
"hot_standby","on",NULL,"Replication / Standby Servers","Allows connections and queries during recovery.",NULL,"postmaster","bool","default",NULL,NULL,NULL,"on","on",NULL,NULL,False
"hot_standby_feedback","off",NULL,"Replication / Standby Servers","Allows feedback from a hot standby to the primary that will avoid query conflicts.",NULL,"sighup","bool","default",NULL,NULL,NULL,"off","off",NULL,NULL,False
"huge_pages","try",NULL,"Resource Usage / Memory","Use of huge pages on Linux or Windows.",NULL,"postmaster","enum","default",NULL,NULL,"{off,on,try}","try","try",NULL,NULL,False
"ident_file","/var/lib/postgresql/data/pg_ident.conf",NULL,"File Locations","Sets the server's ""ident"" configuration file.",NULL,"postmaster","string","override",NULL,NULL,NULL,NULL,"/var/lib/postgresql/data/pg_ident.conf",NULL,NULL,False
"idle_in_transaction_session_timeout","0","ms","Client Connection Defaults / Statement Behavior","Sets the maximum allowed duration of any idling transaction.","A value of 0 turns off the timeout.","user","integer","default","0","2147483647",NULL,"0","0",NULL,NULL,False
"ignore_checksum_failure","off",NULL,"Developer Options","Continues processing after a checksum failure.","Detection of a checksum failure normally causes PostgreSQL to report an error, aborting the current transaction. Setting ignore_checksum_failure to true causes the system to ignore the failure (but still report a warning), and continue processing. This behavior could cause crashes or other serious problems. Only has an effect if checksums are enabled.","superuser","bool","default",NULL,NULL,NULL,"off","off",NULL,NULL,False
"ignore_invalid_pages","off",NULL,"Developer Options","Continues recovery after an invalid pages failure.","Detection of WAL records having references to invalid pages during recovery causes PostgreSQL to raise a PANIC-level error, aborting the recovery. Setting ignore_invalid_pages to true causes the system to ignore invalid page references in WAL records (but still report a warning), and continue recovery. This behavior may cause crashes, data loss, propagate or hide corruption, or other serious problems. Only has an effect during recovery or in standby mode.","postmaster","bool","default",NULL,NULL,NULL,"off","off",NULL,NULL,False
"ignore_system_indexes","off",NULL,"Developer Options","Disables reading from system indexes.","It does not prevent updating the indexes, so it is safe to use.  The worst consequence is slowness.","backend","bool","default",NULL,NULL,NULL,"off","off",NULL,NULL,False
"integer_datetimes","on",NULL,"Preset Options","Datetimes are integer based.",NULL,"internal","bool","default",NULL,NULL,NULL,"on","on",NULL,NULL,False
"IntervalStyle","postgres",NULL,"Client Connection Defaults / Locale and Formatting","Sets the display format for interval values.",NULL,"user","enum","default",NULL,NULL,"{postgres,postgres_verbose,sql_standard,iso_8601}","postgres","postgres",NULL,NULL,False
"jit","on",NULL,"Query Tuning / Other Planner Options","Allow JIT compilation.",NULL,"user","bool","default",NULL,NULL,NULL,"on","on",NULL,NULL,False
"jit_above_cost","100000",NULL,"Query Tuning / Planner Cost Constants","Perform JIT compilation if query is more expensive.","-1 disables JIT compilation.","user","real","default","-1","1.79769e+308",NULL,"100000","100000",NULL,NULL,False
"jit_debugging_support","off",NULL,"Developer Options","Register JIT compiled function with debugger.",NULL,"superuser-backend","bool","default",NULL,NULL,NULL,"off","off",NULL,NULL,False
"jit_dump_bitcode","off",NULL,"Developer Options","Write out LLVM bitcode to facilitate JIT debugging.",NULL,"superuser","bool","default",NULL,NULL,NULL,"off","off",NULL,NULL,False
"jit_expressions","on",NULL,"Developer Options","Allow JIT compilation of expressions.",NULL,"user","bool","default",NULL,NULL,NULL,"on","on",NULL,NULL,False
"jit_inline_above_cost","500000",NULL,"Query Tuning / Planner Cost Constants","Perform JIT inlining if query is more expensive.","-1 disables inlining.","user","real","default","-1","1.79769e+308",NULL,"500000","500000",NULL,NULL,False
"jit_optimize_above_cost","500000",NULL,"Query Tuning / Planner Cost Constants","Optimize JITed functions if query is more expensive.","-1 disables optimization.","user","real","default","-1","1.79769e+308",NULL,"500000","500000",NULL,NULL,False
"jit_profiling_support","off",NULL,"Developer Options","Register JIT compiled function with perf profiler.",NULL,"superuser-backend","bool","default",NULL,NULL,NULL,"off","off",NULL,NULL,False
"jit_provider","llvmjit",NULL,"Client Connection Defaults / Shared Library Preloading","JIT provider to use.",NULL,"postmaster","string","default",NULL,NULL,NULL,"llvmjit","llvmjit",NULL,NULL,False
"jit_tuple_deforming","on",NULL,"Developer Options","Allow JIT compilation of tuple deforming.",NULL,"user","bool","default",NULL,NULL,NULL,"on","on",NULL,NULL,False
"join_collapse_limit","8",NULL,"Query Tuning / Other Planner Options","Sets the FROM-list size beyond which JOIN constructs are not flattened.","The planner will flatten explicit JOIN constructs into lists of FROM items whenever a list of no more than this many items would result.","user","integer","default","1","2147483647",NULL,"8","8",NULL,NULL,False
"krb_caseins_users","off",NULL,"Connections and Authentication / Authentication","Sets whether Kerberos and GSSAPI user names should be treated as case-insensitive.",NULL,"sighup","bool","default",NULL,NULL,NULL,"off","off",NULL,NULL,False
"krb_server_keyfile","FILE:/etc/postgresql-common/krb5.keytab",NULL,"Connections and Authentication / Authentication","Sets the location of the Kerberos server key file.",NULL,"sighup","string","default",NULL,NULL,NULL,"FILE:/etc/postgresql-common/krb5.keytab","FILE:/etc/postgresql-common/krb5.keytab",NULL,NULL,False
"lc_collate","en_US.utf8",NULL,"Client Connection Defaults / Locale and Formatting","Shows the collation order locale.",NULL,"internal","string","override",NULL,NULL,NULL,"C","en_US.utf8",NULL,NULL,False
"lc_ctype","en_US.utf8",NULL,"Client Connection Defaults / Locale and Formatting","Shows the character classification and case conversion locale.",NULL,"internal","string","override",NULL,NULL,NULL,"C","en_US.utf8",NULL,NULL,False
"lc_messages","en_US.utf8",NULL,"Client Connection Defaults / Locale and Formatting","Sets the language in which messages are displayed.",NULL,"superuser","string","configuration file",NULL,NULL,NULL,"","en_US.utf8","/var/lib/postgresql/data/postgresql.conf",694,False
"lc_monetary","en_US.utf8",NULL,"Client Connection Defaults / Locale and Formatting","Sets the locale for formatting monetary amounts.",NULL,"user","string","configuration file",NULL,NULL,NULL,"C","en_US.utf8","/var/lib/postgresql/data/postgresql.conf",696,False
"lc_numeric","en_US.utf8",NULL,"Client Connection Defaults / Locale and Formatting","Sets the locale for formatting numbers.",NULL,"user","string","configuration file",NULL,NULL,NULL,"C","en_US.utf8","/var/lib/postgresql/data/postgresql.conf",697,False
"lc_time","en_US.utf8",NULL,"Client Connection Defaults / Locale and Formatting","Sets the locale for formatting date and time values.",NULL,"user","string","configuration file",NULL,NULL,NULL,"C","en_US.utf8","/var/lib/postgresql/data/postgresql.conf",698,False
"listen_addresses","*",NULL,"Connections and Authentication / Connection Settings","Sets the host name or IP address(es) to listen to.",NULL,"postmaster","string","configuration file",NULL,NULL,NULL,"localhost","*","/var/lib/postgresql/data/postgresql.conf",59,False
"lo_compat_privileges","off",NULL,"Version and Platform Compatibility / Previous PostgreSQL Versions","Enables backward compatibility mode for privilege checks on large objects.","Skips privilege checks when reading or modifying large objects, for compatibility with PostgreSQL releases prior to 9.0.","superuser","bool","default",NULL,NULL,NULL,"off","off",NULL,NULL,False
"local_preload_libraries","",NULL,"Client Connection Defaults / Shared Library Preloading","Lists unprivileged shared libraries to preload into each backend.",NULL,"user","string","default",NULL,NULL,NULL,"","",NULL,NULL,False
"lock_timeout","0","ms","Client Connection Defaults / Statement Behavior","Sets the maximum allowed duration of any wait for a lock.","A value of 0 turns off the timeout.","user","integer","default","0","2147483647",NULL,"0","0",NULL,NULL,False
"log_autovacuum_min_duration","-1","ms","Reporting and Logging / What to Log","Sets the minimum execution time above which autovacuum actions will be logged.","Zero prints all actions. -1 turns autovacuum logging off.","sighup","integer","default","-1","2147483647",NULL,"-1","-1",NULL,NULL,False
"log_checkpoints","off",NULL,"Reporting and Logging / What to Log","Logs each checkpoint.",NULL,"sighup","bool","default",NULL,NULL,NULL,"off","off",NULL,NULL,False
"log_connections","off",NULL,"Reporting and Logging / What to Log","Logs each successful connection.",NULL,"superuser-backend","bool","default",NULL,NULL,NULL,"off","off",NULL,NULL,False
"log_destination","stderr",NULL,"Reporting and Logging / Where to Log","Sets the destination for server log output.","Valid values are combinations of ""stderr"", ""syslog"", ""csvlog"", and ""eventlog"", depending on the platform.","sighup","string","default",NULL,NULL,NULL,"stderr","stderr",NULL,NULL,False
"log_directory","log",NULL,"Reporting and Logging / Where to Log","Sets the destination directory for log files.","Can be specified as relative to the data directory or as absolute path.","sighup","string","default",NULL,NULL,NULL,"log","log",NULL,NULL,False
"log_disconnections","off",NULL,"Reporting and Logging / What to Log","Logs end of a session, including duration.",NULL,"superuser-backend","bool","default",NULL,NULL,NULL,"off","off",NULL,NULL,False
"log_duration","off",NULL,"Reporting and Logging / What to Log","Logs the duration of each completed SQL statement.",NULL,"superuser","bool","default",NULL,NULL,NULL,"off","off",NULL,NULL,False
"log_error_verbosity","default",NULL,"Reporting and Logging / What to Log","Sets the verbosity of logged messages.",NULL,"superuser","enum","default",NULL,NULL,"{terse,default,verbose}","default","default",NULL,NULL,False
"log_executor_stats","off",NULL,"Statistics / Monitoring","Writes executor performance statistics to the server log.",NULL,"superuser","bool","default",NULL,NULL,NULL,"off","off",NULL,NULL,False
"log_file_mode","0600",NULL,"Reporting and Logging / Where to Log","Sets the file permissions for log files.","The parameter value is expected to be a numeric mode specification in the form accepted by the chmod and umask system calls. (To use the customary octal format the number must start with a 0 (zero).)","sighup","integer","default","0","511",NULL,"384","384",NULL,NULL,False
"log_filename","postgresql-%Y-%m-%d_%H%M%S.log",NULL,"Reporting and Logging / Where to Log","Sets the file name pattern for log files.",NULL,"sighup","string","default",NULL,NULL,NULL,"postgresql-%Y-%m-%d_%H%M%S.log","postgresql-%Y-%m-%d_%H%M%S.log",NULL,NULL,False
"log_hostname","off",NULL,"Reporting and Logging / What to Log","Logs the host name in the connection logs.","By default, connection logs only show the IP address of the connecting host. If you want them to show the host name you can turn this on, but depending on your host name resolution setup it might impose a non-negligible performance penalty.","sighup","bool","default",NULL,NULL,NULL,"off","off",NULL,NULL,False
"log_line_prefix","%m [%p] ",NULL,"Reporting and Logging / What to Log","Controls information prefixed to each log line.","If blank, no prefix is used.","sighup","string","default",NULL,NULL,NULL,"%m [%p] ","%m [%p] ",NULL,NULL,False
"log_lock_waits","off",NULL,"Reporting and Logging / What to Log","Logs long lock waits.",NULL,"superuser","bool","default",NULL,NULL,NULL,"off","off",NULL,NULL,False
"log_min_duration_sample","-1","ms","Reporting and Logging / When to Log","Sets the minimum execution time above which a sample of statements will be logged. Sampling is determined by log_statement_sample_rate.","Zero logs a sample of all queries. -1 turns this feature off.","superuser","integer","default","-1","2147483647",NULL,"-1","-1",NULL,NULL,False
"log_min_duration_statement","-1","ms","Reporting and Logging / When to Log","Sets the minimum execution time above which all statements will be logged.","Zero prints all queries. -1 turns this feature off.","superuser","integer","default","-1","2147483647",NULL,"-1","-1",NULL,NULL,False
"log_min_error_statement","error",NULL,"Reporting and Logging / When to Log","Causes all statements generating error at or above this level to be logged.","Each level includes all the levels that follow it. The later the level, the fewer messages are sent.","superuser","enum","default",NULL,NULL,"{debug5,debug4,debug3,debug2,debug1,info,notice,warning,error,log,fatal,panic}","error","error",NULL,NULL,False
"log_min_messages","warning",NULL,"Reporting and Logging / When to Log","Sets the message levels that are logged.","Each level includes all the levels that follow it. The later the level, the fewer messages are sent.","superuser","enum","default",NULL,NULL,"{debug5,debug4,debug3,debug2,debug1,info,notice,warning,error,log,fatal,panic}","warning","warning",NULL,NULL,False
"log_parameter_max_length","-1","B","Reporting and Logging / What to Log","When logging statements, limit logged parameter values to first N bytes.","-1 to print values in full.","superuser","integer","default","-1","1073741823",NULL,"-1","-1",NULL,NULL,False
"log_parameter_max_length_on_error","0","B","Reporting and Logging / What to Log","When reporting an error, limit logged parameter values to first N bytes.","-1 to print values in full.","user","integer","default","-1","1073741823",NULL,"0","0",NULL,NULL,False
"log_parser_stats","off",NULL,"Statistics / Monitoring","Writes parser performance statistics to the server log.",NULL,"superuser","bool","default",NULL,NULL,NULL,"off","off",NULL,NULL,False
"log_planner_stats","off",NULL,"Statistics / Monitoring","Writes planner performance statistics to the server log.",NULL,"superuser","bool","default",NULL,NULL,NULL,"off","off",NULL,NULL,False
"log_replication_commands","off",NULL,"Reporting and Logging / What to Log","Logs each replication command.",NULL,"superuser","bool","default",NULL,NULL,NULL,"off","off",NULL,NULL,False
"log_rotation_age","1440","min","Reporting and Logging / Where to Log","Automatic log file rotation will occur after N minutes.",NULL,"sighup","integer","default","0","35791394",NULL,"1440","1440",NULL,NULL,False
"log_rotation_size","10240","kB","Reporting and Logging / Where to Log","Automatic log file rotation will occur after N kilobytes.",NULL,"sighup","integer","default","0","2097151",NULL,"10240","10240",NULL,NULL,False
"log_statement","none",NULL,"Reporting and Logging / What to Log","Sets the type of statements logged.",NULL,"superuser","enum","default",NULL,NULL,"{none,ddl,mod,all}","none","none",NULL,NULL,False
"log_statement_sample_rate","1",NULL,"Reporting and Logging / When to Log","Fraction of statements exceeding log_min_duration_sample to be logged.","Use a value between 0.0 (never log) and 1.0 (always log).","superuser","real","default","0","1",NULL,"1","1",NULL,NULL,False
"log_statement_stats","off",NULL,"Statistics / Monitoring","Writes cumulative performance statistics to the server log.",NULL,"superuser","bool","default",NULL,NULL,NULL,"off","off",NULL,NULL,False
"log_temp_files","-1","kB","Reporting and Logging / What to Log","Log the use of temporary files larger than this number of kilobytes.","Zero logs all files. The default is -1 (turning this feature off).","superuser","integer","default","-1","2147483647",NULL,"-1","-1",NULL,NULL,False
"log_timezone","Etc/UTC",NULL,"Reporting and Logging / What to Log","Sets the time zone to use in log messages.",NULL,"sighup","string","configuration file",NULL,NULL,NULL,"GMT","Etc/UTC","/var/lib/postgresql/data/postgresql.conf",563,False
"log_transaction_sample_rate","0",NULL,"Reporting and Logging / When to Log","Set the fraction of transactions to log for new transactions.","Logs all statements from a fraction of transactions. Use a value between 0.0 (never log) and 1.0 (log all statements for all transactions).","superuser","real","default","0","1",NULL,"0","0",NULL,NULL,False
"log_truncate_on_rotation","off",NULL,"Reporting and Logging / Where to Log","Truncate existing log files of same name during log rotation.",NULL,"sighup","bool","default",NULL,NULL,NULL,"off","off",NULL,NULL,False
"logging_collector","off",NULL,"Reporting and Logging / Where to Log","Start a subprocess to capture stderr output and/or csvlogs into log files.",NULL,"postmaster","bool","default",NULL,NULL,NULL,"off","off",NULL,NULL,False
"logical_decoding_work_mem","65536","kB","Resource Usage / Memory","Sets the maximum memory to be used for logical decoding.","This much memory can be used by each internal reorder buffer before spilling to disk.","user","integer","default","64","2147483647",NULL,"65536","65536",NULL,NULL,False
"maintenance_io_concurrency","10",NULL,"Resource Usage / Asynchronous Behavior","A variant of effective_io_concurrency that is used for maintenance work.",NULL,"user","integer","default","0","1000",NULL,"10","10",NULL,NULL,False
"maintenance_work_mem","65536","kB","Resource Usage / Memory","Sets the maximum memory to be used for maintenance operations.","This includes operations such as VACUUM and CREATE INDEX.","user","integer","default","1024","2147483647",NULL,"65536","65536",NULL,NULL,False
"max_connections","100",NULL,"Connections and Authentication / Connection Settings","Sets the maximum number of concurrent connections.",NULL,"postmaster","integer","configuration file","1","262143",NULL,"100","100","/var/lib/postgresql/data/postgresql.conf",64,False
"max_files_per_process","1000",NULL,"Resource Usage / Kernel Resources","Sets the maximum number of simultaneously open files for each server process.",NULL,"postmaster","integer","default","64","2147483647",NULL,"1000","1000",NULL,NULL,False
"max_function_args","100",NULL,"Preset Options","Shows the maximum number of function arguments.",NULL,"internal","integer","default","100","100",NULL,"100","100",NULL,NULL,False
"max_identifier_length","63",NULL,"Preset Options","Shows the maximum identifier length.",NULL,"internal","integer","default","63","63",NULL,"63","63",NULL,NULL,False
"max_index_keys","32",NULL,"Preset Options","Shows the maximum number of index keys.",NULL,"internal","integer","default","32","32",NULL,"32","32",NULL,NULL,False
"max_locks_per_transaction","64",NULL,"Lock Management","Sets the maximum number of locks per transaction.","The shared lock table is sized on the assumption that at most max_locks_per_transaction * max_connections distinct objects will need to be locked at any one time.","postmaster","integer","default","10","2147483647",NULL,"64","64",NULL,NULL,False
"max_logical_replication_workers","4",NULL,"Replication / Subscribers","Maximum number of logical replication worker processes.",NULL,"postmaster","integer","default","0","262143",NULL,"4","4",NULL,NULL,False
"max_parallel_maintenance_workers","2",NULL,"Resource Usage / Asynchronous Behavior","Sets the maximum number of parallel processes per maintenance operation.",NULL,"user","integer","default","0","1024",NULL,"2","2",NULL,NULL,False
"max_parallel_workers","8",NULL,"Resource Usage / Asynchronous Behavior","Sets the maximum number of parallel workers that can be active at one time.",NULL,"user","integer","default","0","1024",NULL,"8","8",NULL,NULL,False
"max_parallel_workers_per_gather","2",NULL,"Resource Usage / Asynchronous Behavior","Sets the maximum number of parallel processes per executor node.",NULL,"user","integer","default","0","1024",NULL,"2","2",NULL,NULL,False
"max_pred_locks_per_page","2",NULL,"Lock Management","Sets the maximum number of predicate-locked tuples per page.","If more than this number of tuples on the same page are locked by a connection, those locks are replaced by a page-level lock.","sighup","integer","default","0","2147483647",NULL,"2","2",NULL,NULL,False
"max_pred_locks_per_relation","-2",NULL,"Lock Management","Sets the maximum number of predicate-locked pages and tuples per relation.","If more than this total of pages and tuples in the same relation are locked by a connection, those locks are replaced by a relation-level lock.","sighup","integer","default","-2147483648","2147483647",NULL,"-2","-2",NULL,NULL,False
"max_pred_locks_per_transaction","64",NULL,"Lock Management","Sets the maximum number of predicate locks per transaction.","The shared predicate lock table is sized on the assumption that at most max_pred_locks_per_transaction * max_connections distinct objects will need to be locked at any one time.","postmaster","integer","default","10","2147483647",NULL,"64","64",NULL,NULL,False
"max_prepared_transactions","0",NULL,"Resource Usage / Memory","Sets the maximum number of simultaneously prepared transactions.",NULL,"postmaster","integer","default","0","262143",NULL,"0","0",NULL,NULL,False
"max_replication_slots","10",NULL,"Replication / Sending Servers","Sets the maximum number of simultaneously defined replication slots.",NULL,"postmaster","integer","default","0","262143",NULL,"10","10",NULL,NULL,False
"max_slot_wal_keep_size","-1","MB","Replication / Sending Servers","Sets the maximum WAL size that can be reserved by replication slots.","Replication slots will be marked as failed, and segments released for deletion or recycling, if this much space is occupied by WAL on disk.","sighup","integer","default","-1","2147483647",NULL,"-1","-1",NULL,NULL,False
"max_stack_depth","2048","kB","Resource Usage / Memory","Sets the maximum stack depth, in kilobytes.",NULL,"superuser","integer","environment variable","100","2147483647",NULL,"100","2048",NULL,NULL,False
"max_standby_archive_delay","30000","ms","Replication / Standby Servers","Sets the maximum delay before canceling queries when a hot standby server is processing archived WAL data.",NULL,"sighup","integer","default","-1","2147483647",NULL,"30000","30000",NULL,NULL,False
"max_standby_streaming_delay","30000","ms","Replication / Standby Servers","Sets the maximum delay before canceling queries when a hot standby server is processing streamed WAL data.",NULL,"sighup","integer","default","-1","2147483647",NULL,"30000","30000",NULL,NULL,False
"max_sync_workers_per_subscription","2",NULL,"Replication / Subscribers","Maximum number of table synchronization workers per subscription.",NULL,"sighup","integer","default","0","262143",NULL,"2","2",NULL,NULL,False
"max_wal_senders","10",NULL,"Replication / Sending Servers","Sets the maximum number of simultaneously running WAL sender processes.",NULL,"postmaster","integer","default","0","262143",NULL,"10","10",NULL,NULL,False
"max_wal_size","1024","MB","Write-Ahead Log / Checkpoints","Sets the WAL size that triggers a checkpoint.",NULL,"sighup","integer","configuration file","2","2147483647",NULL,"1024","1024","/var/lib/postgresql/data/postgresql.conf",228,False
"max_worker_processes","8",NULL,"Resource Usage / Asynchronous Behavior","Maximum number of concurrent worker processes.",NULL,"postmaster","integer","default","0","262143",NULL,"8","8",NULL,NULL,False
"min_parallel_index_scan_size","64","8kB","Query Tuning / Planner Cost Constants","Sets the minimum amount of index data for a parallel scan.","If the planner estimates that it will read a number of index pages too small to reach this limit, a parallel scan will not be considered.","user","integer","default","0","715827882",NULL,"64","64",NULL,NULL,False
"min_parallel_table_scan_size","1024","8kB","Query Tuning / Planner Cost Constants","Sets the minimum amount of table data for a parallel scan.","If the planner estimates that it will read a number of table pages too small to reach this limit, a parallel scan will not be considered.","user","integer","default","0","715827882",NULL,"1024","1024",NULL,NULL,False
"min_wal_size","80","MB","Write-Ahead Log / Checkpoints","Sets the minimum size to shrink the WAL to.",NULL,"sighup","integer","configuration file","2","2147483647",NULL,"80","80","/var/lib/postgresql/data/postgresql.conf",229,False
"old_snapshot_threshold","-1","min","Resource Usage / Asynchronous Behavior","Time before a snapshot is too old to read pages changed after the snapshot was taken.","A value of -1 disables this feature.","postmaster","integer","default","-1","86400",NULL,"-1","-1",NULL,NULL,False
"operator_precedence_warning","off",NULL,"Version and Platform Compatibility / Previous PostgreSQL Versions","Emit a warning for constructs that changed meaning since PostgreSQL 9.4.",NULL,"user","bool","default",NULL,NULL,NULL,"off","off",NULL,NULL,False
"parallel_leader_participation","on",NULL,"Resource Usage / Asynchronous Behavior","Controls whether Gather and Gather Merge also run subplans.","Should gather nodes also run subplans, or just gather tuples?","user","bool","default",NULL,NULL,NULL,"on","on",NULL,NULL,False
"parallel_setup_cost","1000",NULL,"Query Tuning / Planner Cost Constants","Sets the planner's estimate of the cost of starting up worker processes for parallel query.",NULL,"user","real","default","0","1.79769e+308",NULL,"1000","1000",NULL,NULL,False
"parallel_tuple_cost","0.1",NULL,"Query Tuning / Planner Cost Constants","Sets the planner's estimate of the cost of passing each tuple (row) from worker to master backend.",NULL,"user","real","default","0","1.79769e+308",NULL,"0.1","0.1",NULL,NULL,False
"password_encryption","md5",NULL,"Connections and Authentication / Authentication","Chooses the algorithm for encrypting passwords.",NULL,"user","enum","default",NULL,NULL,"{md5,scram-sha-256}","md5","md5",NULL,NULL,False
"plan_cache_mode","auto",NULL,"Query Tuning / Other Planner Options","Controls the planner's selection of custom or generic plan.","Prepared statements can have custom and generic plans, and the planner will attempt to choose which is better.  This can be set to override the default behavior.","user","enum","default",NULL,NULL,"{auto,force_generic_plan,force_custom_plan}","auto","auto",NULL,NULL,False
"plpgsql.check_asserts","on",NULL,"Customized Options","Perform checks given in ASSERT statements.",NULL,"user","bool","default",NULL,NULL,NULL,"on","on",NULL,NULL,False
"plpgsql.extra_errors","none",NULL,"Customized Options","List of programming constructs that should produce an error.",NULL,"user","string","default",NULL,NULL,NULL,"none","none",NULL,NULL,False
"plpgsql.extra_warnings","none",NULL,"Customized Options","List of programming constructs that should produce a warning.",NULL,"user","string","default",NULL,NULL,NULL,"none","none",NULL,NULL,False
"plpgsql.print_strict_params","off",NULL,"Customized Options","Print information about parameters in the DETAIL part of the error messages generated on INTO ... STRICT failures.",NULL,"user","bool","default",NULL,NULL,NULL,"off","off",NULL,NULL,False
"plpgsql.variable_conflict","error",NULL,"Customized Options","Sets handling of conflicts between PL/pgSQL variable names and table column names.",NULL,"superuser","enum","default",NULL,NULL,"{error,use_variable,use_column}","error","error",NULL,NULL,False
"port","5432",NULL,"Connections and Authentication / Connection Settings","Sets the TCP port the server listens on.",NULL,"postmaster","integer","default","1","65535",NULL,"5432","5432",NULL,NULL,False
"post_auth_delay","0","s","Developer Options","Waits N seconds on connection startup after authentication.","This allows attaching a debugger to the process.","backend","integer","default","0","2147",NULL,"0","0",NULL,NULL,False
"pre_auth_delay","0","s","Developer Options","Waits N seconds on connection startup before authentication.","This allows attaching a debugger to the process.","sighup","integer","default","0","60",NULL,"0","0",NULL,NULL,False
"primary_conninfo","",NULL,"Replication / Standby Servers","Sets the connection string to be used to connect to the sending server.",NULL,"sighup","string","default",NULL,NULL,NULL,"","",NULL,NULL,False
"primary_slot_name","",NULL,"Replication / Standby Servers","Sets the name of the replication slot to use on the sending server.",NULL,"sighup","string","default",NULL,NULL,NULL,"","",NULL,NULL,False
"promote_trigger_file","",NULL,"Replication / Standby Servers","Specifies a file name whose presence ends recovery in the standby.",NULL,"sighup","string","default",NULL,NULL,NULL,"","",NULL,NULL,False
"quote_all_identifiers","off",NULL,"Version and Platform Compatibility / Previous PostgreSQL Versions","When generating SQL fragments, quote all identifiers.",NULL,"user","bool","default",NULL,NULL,NULL,"off","off",NULL,NULL,False
"random_page_cost","4",NULL,"Query Tuning / Planner Cost Constants","Sets the planner's estimate of the cost of a nonsequentially fetched disk page.",NULL,"user","real","default","0","1.79769e+308",NULL,"4","4",NULL,NULL,False
"recovery_end_command","",NULL,"Write-Ahead Log / Archive Recovery","Sets the shell command that will be executed once at the end of recovery.",NULL,"sighup","string","default",NULL,NULL,NULL,"","",NULL,NULL,False
"recovery_min_apply_delay","0","ms","Replication / Standby Servers","Sets the minimum delay for applying changes during recovery.",NULL,"sighup","integer","default","0","2147483647",NULL,"0","0",NULL,NULL,False
"recovery_target","",NULL,"Write-Ahead Log / Recovery Target","Set to ""immediate"" to end recovery as soon as a consistent state is reached.",NULL,"postmaster","string","default",NULL,NULL,NULL,"","",NULL,NULL,False
"recovery_target_action","pause",NULL,"Write-Ahead Log / Recovery Target","Sets the action to perform upon reaching the recovery target.",NULL,"postmaster","enum","default",NULL,NULL,"{pause,promote,shutdown}","pause","pause",NULL,NULL,False
"recovery_target_inclusive","on",NULL,"Write-Ahead Log / Recovery Target","Sets whether to include or exclude transaction with recovery target.",NULL,"postmaster","bool","default",NULL,NULL,NULL,"on","on",NULL,NULL,False
"recovery_target_lsn","",NULL,"Write-Ahead Log / Recovery Target","Sets the LSN of the write-ahead log location up to which recovery will proceed.",NULL,"postmaster","string","default",NULL,NULL,NULL,"","",NULL,NULL,False
"recovery_target_name","",NULL,"Write-Ahead Log / Recovery Target","Sets the named restore point up to which recovery will proceed.",NULL,"postmaster","string","default",NULL,NULL,NULL,"","",NULL,NULL,False
"recovery_target_time","",NULL,"Write-Ahead Log / Recovery Target","Sets the time stamp up to which recovery will proceed.",NULL,"postmaster","string","default",NULL,NULL,NULL,"","",NULL,NULL,False
"recovery_target_timeline","latest",NULL,"Write-Ahead Log / Recovery Target","Specifies the timeline to recover into.",NULL,"postmaster","string","default",NULL,NULL,NULL,"latest","latest",NULL,NULL,False
"recovery_target_xid","",NULL,"Write-Ahead Log / Recovery Target","Sets the transaction ID up to which recovery will proceed.",NULL,"postmaster","string","default",NULL,NULL,NULL,"","",NULL,NULL,False
"restart_after_crash","on",NULL,"Error Handling","Reinitialize server after backend crash.",NULL,"sighup","bool","default",NULL,NULL,NULL,"on","on",NULL,NULL,False
"restore_command","",NULL,"Write-Ahead Log / Archive Recovery","Sets the shell command that will be called to retrieve an archived WAL file.",NULL,"postmaster","string","default",NULL,NULL,NULL,"","",NULL,NULL,False
"row_security","on",NULL,"Client Connection Defaults / Statement Behavior","Enable row security.","When enabled, row security will be applied to all users.","user","bool","default",NULL,NULL,NULL,"on","on",NULL,NULL,False
"search_path","""$user"", public",NULL,"Client Connection Defaults / Statement Behavior","Sets the schema search order for names that are not schema-qualified.",NULL,"user","string","default",NULL,NULL,NULL,"""$user"", public","""$user"", public",NULL,NULL,False
"segment_size","131072","8kB","Preset Options","Shows the number of pages per disk file.",NULL,"internal","integer","default","131072","131072",NULL,"131072","131072",NULL,NULL,False
"seq_page_cost","1",NULL,"Query Tuning / Planner Cost Constants","Sets the planner's estimate of the cost of a sequentially fetched disk page.",NULL,"user","real","default","0","1.79769e+308",NULL,"1","1",NULL,NULL,False
"server_encoding","UTF8",NULL,"Client Connection Defaults / Locale and Formatting","Sets the server (database) character set encoding.",NULL,"internal","string","override",NULL,NULL,NULL,"SQL_ASCII","UTF8",NULL,NULL,False
"server_version","13.1 (Debian 13.1-1.pgdg100+1)",NULL,"Preset Options","Shows the server version.",NULL,"internal","string","default",NULL,NULL,NULL,"13.1 (Debian 13.1-1.pgdg100+1)","13.1 (Debian 13.1-1.pgdg100+1)",NULL,NULL,False
"server_version_num","130001",NULL,"Preset Options","Shows the server version as an integer.",NULL,"internal","integer","default","130001","130001",NULL,"130001","130001",NULL,NULL,False
"session_preload_libraries","",NULL,"Client Connection Defaults / Shared Library Preloading","Lists shared libraries to preload into each backend.",NULL,"superuser","string","default",NULL,NULL,NULL,"","",NULL,NULL,False
"session_replication_role","origin",NULL,"Client Connection Defaults / Statement Behavior","Sets the session's behavior for triggers and rewrite rules.",NULL,"superuser","enum","default",NULL,NULL,"{origin,replica,local}","origin","origin",NULL,NULL,False
"shared_buffers","16384","8kB","Resource Usage / Memory","Sets the number of shared memory buffers used by the server.",NULL,"postmaster","integer","configuration file","16","1073741823",NULL,"1024","16384","/var/lib/postgresql/data/postgresql.conf",121,False
"shared_memory_type","mmap",NULL,"Resource Usage / Memory","Selects the shared memory implementation used for the main shared memory region.",NULL,"postmaster","enum","default",NULL,NULL,"{sysv,mmap}","mmap","mmap",NULL,NULL,False
"shared_preload_libraries","",NULL,"Client Connection Defaults / Shared Library Preloading","Lists shared libraries to preload into server.",NULL,"postmaster","string","default",NULL,NULL,NULL,"","",NULL,NULL,False
"ssl","off",NULL,"Connections and Authentication / SSL","Enables SSL connections.",NULL,"sighup","bool","default",NULL,NULL,NULL,"off","off",NULL,NULL,False
"ssl_ca_file","",NULL,"Connections and Authentication / SSL","Location of the SSL certificate authority file.",NULL,"sighup","string","default",NULL,NULL,NULL,"","",NULL,NULL,False
"ssl_cert_file","server.crt",NULL,"Connections and Authentication / SSL","Location of the SSL server certificate file.",NULL,"sighup","string","default",NULL,NULL,NULL,"server.crt","server.crt",NULL,NULL,False
"ssl_ciphers","HIGH:MEDIUM:+3DES:!aNULL",NULL,"Connections and Authentication / SSL","Sets the list of allowed SSL ciphers.",NULL,"sighup","string","default",NULL,NULL,NULL,"HIGH:MEDIUM:+3DES:!aNULL","HIGH:MEDIUM:+3DES:!aNULL",NULL,NULL,False
"ssl_crl_file","",NULL,"Connections and Authentication / SSL","Location of the SSL certificate revocation list file.",NULL,"sighup","string","default",NULL,NULL,NULL,"","",NULL,NULL,False
"ssl_dh_params_file","",NULL,"Connections and Authentication / SSL","Location of the SSL DH parameters file.",NULL,"sighup","string","default",NULL,NULL,NULL,"","",NULL,NULL,False
"ssl_ecdh_curve","prime256v1",NULL,"Connections and Authentication / SSL","Sets the curve to use for ECDH.",NULL,"sighup","string","default",NULL,NULL,NULL,"prime256v1","prime256v1",NULL,NULL,False
"ssl_key_file","server.key",NULL,"Connections and Authentication / SSL","Location of the SSL server private key file.",NULL,"sighup","string","default",NULL,NULL,NULL,"server.key","server.key",NULL,NULL,False
"ssl_library","OpenSSL",NULL,"Preset Options","Name of the SSL library.",NULL,"internal","string","default",NULL,NULL,NULL,"OpenSSL","OpenSSL",NULL,NULL,False
"ssl_max_protocol_version","",NULL,"Connections and Authentication / SSL","Sets the maximum SSL/TLS protocol version to use.",NULL,"sighup","enum","default",NULL,NULL,"{"""",TLSv1,TLSv1.1,TLSv1.2,TLSv1.3}","","",NULL,NULL,False
"ssl_min_protocol_version","TLSv1.2",NULL,"Connections and Authentication / SSL","Sets the minimum SSL/TLS protocol version to use.",NULL,"sighup","enum","default",NULL,NULL,"{TLSv1,TLSv1.1,TLSv1.2,TLSv1.3}","TLSv1.2","TLSv1.2",NULL,NULL,False
"ssl_passphrase_command","",NULL,"Connections and Authentication / SSL","Command to obtain passphrases for SSL.",NULL,"sighup","string","default",NULL,NULL,NULL,"","",NULL,NULL,False
"ssl_passphrase_command_supports_reload","off",NULL,"Connections and Authentication / SSL","Also use ssl_passphrase_command during server reload.",NULL,"sighup","bool","default",NULL,NULL,NULL,"off","off",NULL,NULL,False
"ssl_prefer_server_ciphers","on",NULL,"Connections and Authentication / SSL","Give priority to server ciphersuite order.",NULL,"sighup","bool","default",NULL,NULL,NULL,"on","on",NULL,NULL,False
"standard_conforming_strings","on",NULL,"Version and Platform Compatibility / Previous PostgreSQL Versions","Causes '...' strings to treat backslashes literally.",NULL,"user","bool","default",NULL,NULL,NULL,"on","on",NULL,NULL,False
"statement_timeout","0","ms","Client Connection Defaults / Statement Behavior","Sets the maximum allowed duration of any statement.","A value of 0 turns off the timeout.","user","integer","default","0","2147483647",NULL,"0","0",NULL,NULL,False
"stats_temp_directory","pg_stat_tmp",NULL,"Statistics / Query and Index Statistics Collector","Writes temporary statistics files to the specified directory.",NULL,"sighup","string","default",NULL,NULL,NULL,"pg_stat_tmp","pg_stat_tmp",NULL,NULL,False
"superuser_reserved_connections","3",NULL,"Connections and Authentication / Connection Settings","Sets the number of connection slots reserved for superusers.",NULL,"postmaster","integer","default","0","262143",NULL,"3","3",NULL,NULL,False
"synchronize_seqscans","on",NULL,"Version and Platform Compatibility / Previous PostgreSQL Versions","Enable synchronized sequential scans.",NULL,"user","bool","default",NULL,NULL,NULL,"on","on",NULL,NULL,False
"synchronous_commit","on",NULL,"Write-Ahead Log / Settings","Sets the current transaction's synchronization level.",NULL,"user","enum","default",NULL,NULL,"{local,remote_write,remote_apply,on,off}","on","on",NULL,NULL,False
"synchronous_standby_names","",NULL,"Replication / Master Server","Number of synchronous standbys and list of names of potential synchronous ones.",NULL,"sighup","string","default",NULL,NULL,NULL,"","",NULL,NULL,False
"syslog_facility","local0",NULL,"Reporting and Logging / Where to Log","Sets the syslog ""facility"" to be used when syslog enabled.",NULL,"sighup","enum","default",NULL,NULL,"{local0,local1,local2,local3,local4,local5,local6,local7}","local0","local0",NULL,NULL,False
"syslog_ident","postgres",NULL,"Reporting and Logging / Where to Log","Sets the program name used to identify PostgreSQL messages in syslog.",NULL,"sighup","string","default",NULL,NULL,NULL,"postgres","postgres",NULL,NULL,False
"syslog_sequence_numbers","on",NULL,"Reporting and Logging / Where to Log","Add sequence number to syslog messages to avoid duplicate suppression.",NULL,"sighup","bool","default",NULL,NULL,NULL,"on","on",NULL,NULL,False
"syslog_split_messages","on",NULL,"Reporting and Logging / Where to Log","Split messages sent to syslog by lines and to fit into 1024 bytes.",NULL,"sighup","bool","default",NULL,NULL,NULL,"on","on",NULL,NULL,False
"tcp_keepalives_count","9",NULL,"Client Connection Defaults / Other Defaults","Maximum number of TCP keepalive retransmits.","This controls the number of consecutive keepalive retransmits that can be lost before a connection is considered dead. A value of 0 uses the system default.","user","integer","default","0","2147483647",NULL,"0","0",NULL,NULL,False
"tcp_keepalives_idle","7200","s","Client Connection Defaults / Other Defaults","Time between issuing TCP keepalives.","A value of 0 uses the system default.","user","integer","default","0","2147483647",NULL,"0","0",NULL,NULL,False
"tcp_keepalives_interval","75","s","Client Connection Defaults / Other Defaults","Time between TCP keepalive retransmits.","A value of 0 uses the system default.","user","integer","default","0","2147483647",NULL,"0","0",NULL,NULL,False
"tcp_user_timeout","0","ms","Client Connection Defaults / Other Defaults","TCP user timeout.","A value of 0 uses the system default.","user","integer","default","0","2147483647",NULL,"0","0",NULL,NULL,False
"temp_buffers","1024","8kB","Resource Usage / Memory","Sets the maximum number of temporary buffers used by each session.",NULL,"user","integer","default","100","1073741823",NULL,"1024","1024",NULL,NULL,False
"temp_file_limit","-1","kB","Resource Usage / Disk","Limits the total size of all temporary files used by each process.","-1 means no limit.","superuser","integer","default","-1","2147483647",NULL,"-1","-1",NULL,NULL,False
"temp_tablespaces","",NULL,"Client Connection Defaults / Statement Behavior","Sets the tablespace(s) to use for temporary tables and sort files.",NULL,"user","string","default",NULL,NULL,NULL,"","",NULL,NULL,False
"TimeZone","Etc/UTC",NULL,"Client Connection Defaults / Locale and Formatting","Sets the time zone for displaying and interpreting time stamps.",NULL,"user","string","configuration file",NULL,NULL,NULL,"GMT","Etc/UTC","/var/lib/postgresql/data/postgresql.conf",680,False
"timezone_abbreviations","Default",NULL,"Client Connection Defaults / Locale and Formatting","Selects a file of time zone abbreviations.",NULL,"user","string","default",NULL,NULL,NULL,NULL,"Default",NULL,NULL,False
"trace_notify","off",NULL,"Developer Options","Generates debugging output for LISTEN and NOTIFY.",NULL,"user","bool","default",NULL,NULL,NULL,"off","off",NULL,NULL,False
"trace_recovery_messages","log",NULL,"Developer Options","Enables logging of recovery-related debugging information.","Each level includes all the levels that follow it. The later the level, the fewer messages are sent.","sighup","enum","default",NULL,NULL,"{debug5,debug4,debug3,debug2,debug1,log,notice,warning,error}","log","log",NULL,NULL,False
"trace_sort","off",NULL,"Developer Options","Emit information about resource usage in sorting.",NULL,"user","bool","default",NULL,NULL,NULL,"off","off",NULL,NULL,False
"track_activities","on",NULL,"Statistics / Query and Index Statistics Collector","Collects information about executing commands.","Enables the collection of information on the currently executing command of each session, along with the time at which that command began execution.","superuser","bool","default",NULL,NULL,NULL,"on","on",NULL,NULL,False
"track_activity_query_size","1024","B","Resource Usage / Memory","Sets the size reserved for pg_stat_activity.query, in bytes.",NULL,"postmaster","integer","default","100","1048576",NULL,"1024","1024",NULL,NULL,False
"track_commit_timestamp","off",NULL,"Replication","Collects transaction commit time.",NULL,"postmaster","bool","default",NULL,NULL,NULL,"off","off",NULL,NULL,False
"track_counts","on",NULL,"Statistics / Query and Index Statistics Collector","Collects statistics on database activity.",NULL,"superuser","bool","default",NULL,NULL,NULL,"on","on",NULL,NULL,False
"track_functions","none",NULL,"Statistics / Query and Index Statistics Collector","Collects function-level statistics on database activity.",NULL,"superuser","enum","default",NULL,NULL,"{none,pl,all}","none","none",NULL,NULL,False
"track_io_timing","off",NULL,"Statistics / Query and Index Statistics Collector","Collects timing statistics for database I/O activity.",NULL,"superuser","bool","default",NULL,NULL,NULL,"off","off",NULL,NULL,False
"transaction_deferrable","off",NULL,"Client Connection Defaults / Statement Behavior","Whether to defer a read-only serializable transaction until it can be executed with no possible serialization failures.",NULL,"user","bool","override",NULL,NULL,NULL,"off","off",NULL,NULL,False
"transaction_isolation","read committed",NULL,"Client Connection Defaults / Statement Behavior","Sets the current transaction's isolation level.",NULL,"user","enum","override",NULL,NULL,"{serializable,""repeatable read"",""read committed"",""read uncommitted""}","read committed","read committed",NULL,NULL,False
"transaction_read_only","off",NULL,"Client Connection Defaults / Statement Behavior","Sets the current transaction's read-only status.",NULL,"user","bool","override",NULL,NULL,NULL,"off","off",NULL,NULL,False
"transform_null_equals","off",NULL,"Version and Platform Compatibility / Other Platforms and Clients","Treats ""expr=NULL"" as ""expr IS NULL"".","When turned on, expressions of the form expr = NULL (or NULL = expr) are treated as expr IS NULL, that is, they return true if expr evaluates to the null value, and false otherwise. The correct behavior of expr = NULL is to always return null (unknown).","user","bool","default",NULL,NULL,NULL,"off","off",NULL,NULL,False
"unix_socket_directories","/var/run/postgresql",NULL,"Connections and Authentication / Connection Settings","Sets the directories where Unix-domain sockets will be created.",NULL,"postmaster","string","default",NULL,NULL,NULL,"/var/run/postgresql","/var/run/postgresql",NULL,NULL,False
"unix_socket_group","",NULL,"Connections and Authentication / Connection Settings","Sets the owning group of the Unix-domain socket.","The owning user of the socket is always the user that starts the server.","postmaster","string","default",NULL,NULL,NULL,"","",NULL,NULL,False
"unix_socket_permissions","0777",NULL,"Connections and Authentication / Connection Settings","Sets the access permissions of the Unix-domain socket.","Unix-domain sockets use the usual Unix file system permission set. The parameter value is expected to be a numeric mode specification in the form accepted by the chmod and umask system calls. (To use the customary octal format the number must start with a 0 (zero).)","postmaster","integer","default","0","511",NULL,"511","511",NULL,NULL,False
"update_process_title","on",NULL,"Process Title","Updates the process title to show the active SQL command.","Enables updating of the process title every time a new SQL command is received by the server.","superuser","bool","default",NULL,NULL,NULL,"on","on",NULL,NULL,False
"vacuum_cleanup_index_scale_factor","0.1",NULL,"Client Connection Defaults / Statement Behavior","Number of tuple inserts prior to index cleanup as a fraction of reltuples.",NULL,"user","real","default","0","1e+10",NULL,"0.1","0.1",NULL,NULL,False
"vacuum_cost_delay","0","ms","Resource Usage / Cost-Based Vacuum Delay","Vacuum cost delay in milliseconds.",NULL,"user","real","default","0","100",NULL,"0","0",NULL,NULL,False
"vacuum_cost_limit","200",NULL,"Resource Usage / Cost-Based Vacuum Delay","Vacuum cost amount available before napping.",NULL,"user","integer","default","1","10000",NULL,"200","200",NULL,NULL,False
"vacuum_cost_page_dirty","20",NULL,"Resource Usage / Cost-Based Vacuum Delay","Vacuum cost for a page dirtied by vacuum.",NULL,"user","integer","default","0","10000",NULL,"20","20",NULL,NULL,False
"vacuum_cost_page_hit","1",NULL,"Resource Usage / Cost-Based Vacuum Delay","Vacuum cost for a page found in the buffer cache.",NULL,"user","integer","default","0","10000",NULL,"1","1",NULL,NULL,False
"vacuum_cost_page_miss","10",NULL,"Resource Usage / Cost-Based Vacuum Delay","Vacuum cost for a page not found in the buffer cache.",NULL,"user","integer","default","0","10000",NULL,"10","10",NULL,NULL,False
"vacuum_defer_cleanup_age","0",NULL,"Replication / Master Server","Number of transactions by which VACUUM and HOT cleanup should be deferred, if any.",NULL,"sighup","integer","default","0","1000000",NULL,"0","0",NULL,NULL,False
"vacuum_freeze_min_age","50000000",NULL,"Client Connection Defaults / Statement Behavior","Minimum age at which VACUUM should freeze a table row.",NULL,"user","integer","default","0","1000000000",NULL,"50000000","50000000",NULL,NULL,False
"vacuum_freeze_table_age","150000000",NULL,"Client Connection Defaults / Statement Behavior","Age at which VACUUM should scan whole table to freeze tuples.",NULL,"user","integer","default","0","2000000000",NULL,"150000000","150000000",NULL,NULL,False
"vacuum_multixact_freeze_min_age","5000000",NULL,"Client Connection Defaults / Statement Behavior","Minimum age at which VACUUM should freeze a MultiXactId in a table row.",NULL,"user","integer","default","0","1000000000",NULL,"5000000","5000000",NULL,NULL,False
"vacuum_multixact_freeze_table_age","150000000",NULL,"Client Connection Defaults / Statement Behavior","Multixact age at which VACUUM should scan whole table to freeze tuples.",NULL,"user","integer","default","0","2000000000",NULL,"150000000","150000000",NULL,NULL,False
"wal_block_size","8192",NULL,"Preset Options","Shows the block size in the write ahead log.",NULL,"internal","integer","default","8192","8192",NULL,"8192","8192",NULL,NULL,False
"wal_buffers","512","8kB","Write-Ahead Log / Settings","Sets the number of disk-page buffers in shared memory for WAL.",NULL,"postmaster","integer","override","-1","262143",NULL,"-1","512",NULL,NULL,False
"wal_compression","off",NULL,"Write-Ahead Log / Settings","Compresses full-page writes written in WAL file.",NULL,"superuser","bool","default",NULL,NULL,NULL,"off","off",NULL,NULL,False
"wal_consistency_checking","",NULL,"Developer Options","Sets the WAL resource managers for which WAL consistency checks are done.","Full-page images will be logged for all data blocks and cross-checked against the results of WAL replay.","superuser","string","default",NULL,NULL,NULL,"","",NULL,NULL,False
"wal_init_zero","on",NULL,"Write-Ahead Log / Settings","Writes zeroes to new WAL files before first use.",NULL,"superuser","bool","default",NULL,NULL,NULL,"on","on",NULL,NULL,False
"wal_keep_size","0","MB","Replication / Sending Servers","Sets the size of WAL files held for standby servers.",NULL,"sighup","integer","default","0","2147483647",NULL,"0","0",NULL,NULL,False
"wal_level","replica",NULL,"Write-Ahead Log / Settings","Set the level of information written to the WAL.",NULL,"postmaster","enum","default",NULL,NULL,"{minimal,replica,logical}","replica","replica",NULL,NULL,False
"wal_log_hints","off",NULL,"Write-Ahead Log / Settings","Writes full pages to WAL when first modified after a checkpoint, even for a non-critical modifications.",NULL,"postmaster","bool","default",NULL,NULL,NULL,"off","off",NULL,NULL,False
"wal_receiver_create_temp_slot","off",NULL,"Replication / Standby Servers","Sets whether a WAL receiver should create a temporary replication slot if no permanent slot is configured.",NULL,"sighup","bool","default",NULL,NULL,NULL,"off","off",NULL,NULL,False
"wal_receiver_status_interval","10","s","Replication / Standby Servers","Sets the maximum interval between WAL receiver status reports to the sending server.",NULL,"sighup","integer","default","0","2147483",NULL,"10","10",NULL,NULL,False
"wal_receiver_timeout","60000","ms","Replication / Standby Servers","Sets the maximum wait time to receive data from the sending server.",NULL,"sighup","integer","default","0","2147483647",NULL,"60000","60000",NULL,NULL,False
"wal_recycle","on",NULL,"Write-Ahead Log / Settings","Recycles WAL files by renaming them.",NULL,"superuser","bool","default",NULL,NULL,NULL,"on","on",NULL,NULL,False
"wal_retrieve_retry_interval","5000","ms","Replication / Standby Servers","Sets the time to wait before retrying to retrieve WAL after a failed attempt.",NULL,"sighup","integer","default","1","2147483647",NULL,"5000","5000",NULL,NULL,False
"wal_segment_size","16777216","B","Preset Options","Shows the size of write ahead log segments.",NULL,"internal","integer","override","1048576","1073741824",NULL,"16777216","16777216",NULL,NULL,False
"wal_sender_timeout","60000","ms","Replication / Sending Servers","Sets the maximum time to wait for WAL replication.",NULL,"user","integer","default","0","2147483647",NULL,"60000","60000",NULL,NULL,False
"wal_skip_threshold","2048","kB","Write-Ahead Log / Settings","Size of new file to fsync instead of writing WAL.",NULL,"user","integer","default","0","2147483647",NULL,"2048","2048",NULL,NULL,False
"wal_sync_method","fdatasync",NULL,"Write-Ahead Log / Settings","Selects the method used for forcing WAL updates to disk.",NULL,"sighup","enum","default",NULL,NULL,"{fsync,fdatasync,open_sync,open_datasync}","fdatasync","fdatasync",NULL,NULL,False
"wal_writer_delay","200","ms","Write-Ahead Log / Settings","Time between WAL flushes performed in the WAL writer.",NULL,"sighup","integer","default","1","10000",NULL,"200","200",NULL,NULL,False
"wal_writer_flush_after","128","8kB","Write-Ahead Log / Settings","Amount of WAL written out by WAL writer that triggers a flush.",NULL,"sighup","integer","default","0","2147483647",NULL,"128","128",NULL,NULL,False
"work_mem","4096","kB","Resource Usage / Memory","Sets the maximum memory to be used for query workspaces.","This much memory can be used by each internal sort operation and hash table before switching to temporary disk files.","user","integer","default","64","2147483647",NULL,"4096","4096",NULL,NULL,False
"xmlbinary","base64",NULL,"Client Connection Defaults / Statement Behavior","Sets how binary values are to be encoded in XML.",NULL,"user","enum","default",NULL,NULL,"{base64,hex}","base64","base64",NULL,NULL,False
"xmloption","content",NULL,"Client Connection Defaults / Statement Behavior","Sets whether XML data in implicit parsing and serialization operations is to be considered as documents or content fragments.",NULL,"user","enum","default",NULL,NULL,"{content,document}","content","content",NULL,NULL,False
"zero_damaged_pages","off",NULL,"Developer Options","Continues processing past damaged page headers.","Detection of a damaged page header normally causes PostgreSQL to report an error, aborting the current transaction. Setting zero_damaged_pages to true causes the system to instead report a warning, zero out the damaged page, and continue processing. This behavior will destroy data, namely all the rows on the damaged page.","superuser","bool","default",NULL,NULL,NULL,"off","off",NULL,NULL,False
